INSERT INTO ns_user
(id, email, first_name, last_name, sis_user_id, canvas_user_id, lti_user_id)
VALUES
(1, 'pmccook@austin.utexas.edu', 'Patrick', 'McCook', 'mccookpv', 3366533, 'e566a0df693fd19c4c4f4168f61b0e26d40216b6'),
(2, '', 'Test', 'Student', NULL, 4160810, '8169fe91a29a55ea79be36c60c17c4c355809114'),
(3, 'arabinow@utexas.edu', 'ADAM T', 'RABINOWITZ', 'atr253', 3832550, '55a80d0fe1329f98b4c5fdd27463739c4c40bcd6'),
(4, '', 'Test', 'Student', NULL, 4116016, 'e7a0049fd6e411c1e83cf82c48788d097cce3868'),
(5, 'kristen.mynes@yahoo.com', 'KRISTEN', 'MYNES', 'klm4355', 3877818, '0112dae9116e3c74d10f90a5c3f87cdfeab2d735'),
(6, 'rgwyatt2294@utexas.edu', 'RICHARD', 'WYATT', 'rgw495', 3815030, '55b444e219e778c43b2fa76e63fcd4fe22de2c27'),
(7, 'catalinarobles@utexas.edu', 'CATALINA', 'ROBLES', 'cmr3756', 3880190, '80fb3f5b1613f2ade71df96cffff4df00350521d'),
(8, 'maxlincoln89@gmail.com', 'MAXWELL', 'LINCOLN', 'msl656', 3838375, 'a27e89e3cc3097be2105f814fa6366e6f30deab6'),
(9, '', 'Test', 'Student', NULL, 4162236, '5026f00277463a7088c73ea650843b528a04c076'),
(10, 'rmtaylor@austin.utexas.edu', 'RABUN M', 'TAYLOR', 'rt7395', 3529849, 'ceeaedd9a1793823547f6b11a5b52f8876e62125'),
(11, '', 'Test', 'Student', NULL, 4162297, '3c9467f2580ebbd132a1c1f602d3d822fb37de35'),
(12, 'sejal@austin.utexas.edu', 'Sejal', 'Shah', 'sp2539', 2248801, '69815a3742ea3791b126f362974bf3f6c14dc05a'),
(13, 'noah@utexas.edu', 'Alice', 'Test', 'bss323', 3014338, '215a8277ffd7388944fead9c94fe6868cb350516'),
(14, 'wheelcontestant004@gmail.com', 'Steve', 'Allen', 'sa37365', 3724669, '977b7afdf5d68b3a3e22ae9c690d1d1e248fda61');

INSERT INTO ns_course
(id, sis_course_id, course_title, canvas_course_id, lti_course_id, num_matching_selections, start_lat, start_lng, start_zoom, year_min, year_max)
VALUES
(1, 'AHC_378_32070_162', 'Sp16 - SPACE AND PLACE (32070)', '1155493', 'bcbf64f82e2edbc3833f7fa87c17d8fe983f9c03', 2, '35', '18', '4', NULL, NULL),
(2, 'UGS_999_999999_112', 'lti_dev_02 &', '1123095', '711e83845773a505b0ff2a9af0e66eb0a2a80afd', 2, '35', '18', '4', NULL, NULL),
(3, 'C_C_317_32170_162', 'Sp16 - CLASCL ARCHAEOL: METHS/APPROCH (32170)', '1157166', '3a7f2d12018626a09c3e230b1e291c2921d015c7', 2, '35', '18', '4', NULL, NULL),
(4, 'LAT_506_32545_162', 'Sp16 - FIRST-YEAR LATIN I (32545)', '1161281', '70791e289046dee0b82d27f7f238b95105fc8af4', 2, '35', '18', '4', NULL, NULL);


INSERT INTO ns_course_user
(id, user_id, course_id)
VALUES
(1, 1, 1),
(4, 1, 2),
(10, 1, 3),
(13, 1, 4),
(2, 2, 1),
(3, 3, 1),
(5, 4, 2),
(6, 5, 1),
(7, 6, 1),
(8, 7, 1),
(16, 8, 1),
(9, 8, 2),
(11, 9, 3),
(12, 10, 3),
(14, 11, 4),
(15, 12, 1),
(17, 13, 1),
(18, 14, 1);








INSERT INTO ns_course_search
(id, course_id, search_type_id)
VALUES
(24, 1, 1),
(25, 1, 2),
(9, 2, 1),
(10, 2, 2),
(16, 3, 1),
(17, 3, 2),
(22, 4, 1),
(23, 4, 2);

INSERT INTO ns_collection
(id, collection_pid, title, description, owner_id, ts_create, ts_modify)
VALUES
  (1, 'islandora:battleimagecollection', 'Battle Image Collection', 'Battle Image Collection', 1, '2016-04-14 01:08:10', '2016-04-14 01:08:10');



INSERT INTO ns_course_collection
(id, course_id, collection_id, is_active, ts_create, ts_modify)
VALUES
(1, 1, 1, 1, '2016-04-14 01:08:22', '2016-04-14 01:08:22'),
(2, 2, 1, 1, '2016-04-14 12:34:14', '2016-04-14 12:34:14'),
(3, 3, 1, 1, '2016-04-15 13:29:02', '2016-04-15 13:29:02'),
(4, 4, 1, 1, '2016-04-18 17:38:50', '2016-04-18 17:38:50');



INSERT INTO ns_course_gazetteer
(id, course_id, search_type_id, gazetteer_id)
VALUES
(20, 1, 1, 1),
(21, 1, 2, 2),
(7, 2, 1, 1),
(8, 2, 2, 2),
(13, 3, 1, 1),
(14, 3, 2, 2),
(18, 4, 1, 1),
(19, 4, 2, 2);

INSERT INTO ns_course_metadata_term
(id, course_id, metadata_term_id)
VALUES
(55, 1, 1),
(53, 1, 3),
(54, 1, 5),
(52, 1, 6),
(51, 1, 7),
(20, 2, 1),
(18, 2, 3),
(19, 2, 5),
(17, 2, 6),
(16, 2, 7),
(35, 3, 1),
(33, 3, 3),
(34, 3, 5),
(32, 3, 6),
(31, 3, 7),
(50, 4, 1),
(48, 4, 3),
(49, 4, 5),
(47, 4, 6),
(46, 4, 7);








INSERT INTO ns_course_round
(id, course_id, is_active, title)
VALUES
(1, 1, 1, 'Round 1'),
(2, 2, 1, 'Round 1'),
(3, 3, 1, 'Round 1'),
(4, 4, 1, 'Round 1');


INSERT INTO ns_gaz_url
(id, url)
VALUES
(1, 'http://pleiades.stoa.org/places/1001135'),
(2, 'http://n2t.net/ark:/99152/p0339m97kmb'),
(3, 'http://pleiades.stoa.org/places/589987'),
(4, 'http://n2t.net/ark:/99152/p08m57h4g7x'),
(5, 'http://pleiades.stoa.org/places/589872'),
(6, 'http://n2t.net/ark:/99152/p08m57hs2c8'),
(7, 'http://pleiades.stoa.org/places/599905'),
(8, 'http://n2t.net/ark:/99152/p03wskd825s'),
(9, 'http://pleiades.stoa.org/places/786089'),
(10, 'http://pleiades.stoa.org/places/894019'),
(11, 'http://n2t.net/ark:/99152/p06v8w46cth'),
(12, 'http://pleiades.stoa.org/places/687928'),
(13, 'http://n2t.net/ark:/99152/p0m63nj699k'),
(14, 'http://pleiades.stoa.org/places/354108'),
(15, 'http://n2t.net/ark:/99152/p03wskdgh6j'),
(16, 'http://pleiades.stoa.org/places/858016654'),
(17, 'http://n2t.net/ark:/99152/p05krdxk56p'),
(18, 'http://pleiades.stoa.org/places/580049'),
(19, 'http://n2t.net/ark:/99152/p08m57hbscs'),
(20, 'http://n2t.net/ark:/99152/p0m63nj66cc'),
(21, 'http://n2t.net/ark:/99152/p083p5rnq5h'),
(22, 'http://pleiades.stoa.org/places/721417202'),
(23, 'http://n2t.net/ark:/99152/p03wskddb3j'),
(24, 'http://pleiades.stoa.org/places/599799'),
(25, 'http://pleiades.stoa.org/places/433032'),
(26, 'http://n2t.net/ark:/99152/p06v8w43gnx'),
(27, 'http://pleiades.stoa.org/places/410249370'),
(28, 'http://n2t.net/ark:/99152/p0339m9f72b'),
(29, 'http://pleiades.stoa.org/places/206971'),
(30, 'http://n2t.net/ark:/99152/p0qhb66ht2h'),
(31, 'http://pleiades.stoa.org/places/393422'),
(32, 'http://pleiades.stoa.org/places/206884'),
(33, 'http://n2t.net/ark:/99152/p03wskdtg2h'),
(34, 'http://n2t.net/ark:/99152/p08m57hb8d7'),
(35, 'http://pleiades.stoa.org/places/589796'),
(36, 'http://n2t.net/ark:/99152/p06v8w4k77h'),
(37, 'http://pleiades.stoa.org/places/739470591'),
(38, 'http://n2t.net/ark:/99152/p08m57hg3vn'),
(39, 'http://n2t.net/ark:/99152/p03wskd4rpp'),
(40, 'http://n2t.net/ark:/99152/p08m57hvfzk'),
(41, 'http://n2t.net/ark:/99152/p083p5r3hqw'),
(42, 'http://n2t.net/ark:/99152/p05xnzqf2tf'),
(43, 'http://n2t.net/ark:/99152/p06c6g36h5d'),
(44, 'http://n2t.net/ark:/99152/p0339m9rjzc'),
(45, 'http://pleiades.stoa.org/places/594958'),
(46, 'http://pleiades.stoa.org/places/682565'),
(47, 'http://n2t.net/ark:/99152/p03tqbzvh6x'),
(48, 'http://pleiades.stoa.org/places/589748'),
(49, 'http://n2t.net/ark:/99152/p0339m94fkb');






INSERT INTO ns_image
(id, collection_id, image_pid, title)
VALUES
(1, 1, 'islandora:1763', 'BIC.Box_1.EN_[Photographs].ENSUB_Crete.20150910.PH.0128.F'),
(2, 1, 'islandora:1748', 'BIC.Box_1.EN_[Photographs].ENSUB_Crete.20150910.PH.0141.F'),
(3, 1, 'islandora:1804', 'BIC.Box_1.EN_[Photographs].ENSUB_Crete.20150910.PH.0137.F'),
(4, 1, 'islandora:1796', 'BIC.Box_1.EN_[Photographs].ENSUB_Crete.20150910.PH.0129.F'),
(5, 1, 'islandora:1745', 'BIC.Box_1.EN_[Photographs].ENSUB_Priene+Miletus.20150909.PH.0089.F'),
(6, 1, 'islandora:1849', 'BIC.Box_1.EN_[Photographs].ENSUB_Priene+Miletus.20150909.PH.0094.F'),
(7, 1, 'islandora:1776', 'BIC.Box_1.EN_[Photographs].ENSUB_Priene+Miletus.20150909.PH.0091.F'),
(8, 1, 'islandora:1843', 'BIC.Box_1.EN_[Photographs].ENSUB_Assuan+Philai.20150831.PH.0021.F'),
(9, 1, 'islandora:1838', 'BIC.Box_1.EN_[Photographs].ENSUB_Crete.20150910.PH.0130.F'),
(10, 1, 'islandora:1879', 'BIC.Box_1.EN_[Photographs].ENSUB_Jerusalem.20150909.PH.0109.F'),
(11, 1, 'islandora:1857', 'BIC.Box_1.EN_[Photographs].ENSUB_Pompeii.20150908.PH.0080.F'),
(12, 1, 'islandora:1839', 'BIC.Box_1.EN_[Photographs].ENSUB_Didyma.20150908.PH.0070.F'),
(13, 1, 'islandora:1868', 'BIC.Box_1.EN_[Photographs].ENSUB_Priene+Miletus.20150909.PH.0088.F'),
(14, 1, 'islandora:1870', 'BIC.Box_1.EN_[Photographs].ENSUB_Pompeii.20150908.PH.0083.F'),
(15, 1, 'islandora:1808', 'BIC.Box_1.EN_[Photographs].ENSUB_Crete.20150910.PH.0142.F'),
(16, 1, 'islandora:1852', 'BIC.Box_1.EN_[Photographs].ENSUB_Jerusalem.20150909.PH.0105.F'),
(17, 1, 'islandora:1853', 'BIC.Box_1.EN_[Photographs].ENSUB_Assuan+Philai.20150831.PH.0018.F'),
(18, 1, 'islandora:1860', 'BIC.Box_1.EN_[Photographs].ENSUB_NileAbovePhilai.20150903.PH.0033.F'),
(19, 1, 'islandora:1855', 'BIC.Box_1.EN_[Photographs].ENSUB_Priene+Miletus.20150909.PH.0102.F'),
(20, 1, 'islandora:1828', 'BIC.Box_1.EN_[Photographs].ENSUB_Mistro.20150908.PH.0057.F'),
(21, 1, 'islandora:1761', 'BIC.Box_1.EN_[Photographs].ENSUB_Priene+Miletus.20150909.PH.0098.F'),
(22, 1, 'islandora:1773', 'BIC.Box_1.EN_[Photographs].ENSUB_Corinth+Neighborhood.20150909.PH.0120.F'),
(23, 1, 'islandora:1721', 'BIC.Box_1.EN_[Photographs].ENSUB_Pompeii.20150908.PH.0082.F'),
(24, 1, 'islandora:1812', 'BIC.Box_1.EN_[Photographs].ENSUB_Pompeii.20150908.PH.0076.F'),
(25, 1, 'islandora:1785', 'BIC.Box_1.EN_[Photographs].ENSUB_Lesbos.20150909.PH.0085.F'),
(26, 1, 'islandora:1844', 'BIC.Box_1.EN_[Photographs].ENSUB_Didyma.20150908.PH.0064.F'),
(27, 1, 'islandora:1799', 'BIC.Box_1.EN_[Photographs].ENSUB_Crete.20150910.PH.0132.F'),
(28, 1, 'islandora:1825', 'BIC.Box_1.EN_[Photographs].ENSUB_Baalbek.20150903.PH.0027.F'),
(29, 1, 'islandora:1774', 'BIC.Box_1.EN_[Photographs].ENSUB_Assuan+Philai.20150831.PH.0025.F'),
(30, 1, 'islandora:1821', 'BIC.Box_1.EN_[Photographs].ENSUB_Crete.20150910.PH.0133.F');


INSERT INTO ns_course_image_area
(id, course_id, image_id, pos_top, pos_left, sel_width, sel_height, image_width, image_height, is_entire_image)
VALUES
(1, 1, 1, 0, 0, 600, 471, 600, 471, 1),
(2, 1, 2, 0, 0, 600, 483, 600, 483, 1),
(3, 1, 3, 0, 0, 600, 484, 600, 484, 1),
(4, 1, 4, 0, 0, 600, 775, 600, 775, 1),
(5, 1, 5, 0, 0, 600, 505, 600, 505, 1),
(6, 1, 6, 0, 0, 600, 519, 600, 519, 1),
(7, 1, 7, 0, 0, 600, 519, 600, 519, 1),
(8, 1, 8, 0, 0, 600, 516, 600, 516, 1),
(9, 2, 9, 0, 0, 600, 486, 600, 486, 1),
(10, 1, 10, 0, 0, 600, 532, 600, 532, 1),
(11, 1, 11, 0, 0, 600, 514, 600, 514, 1),
(12, 2, 7, 0, 0, 600, 519, 600, 519, 1),
(13, 2, 12, 0, 0, 600, 509, 600, 509, 1),
(14, 2, 13, 0, 0, 600, 783, 600, 783, 1),
(15, 1, 14, 0, 0, 600, 514, 600, 514, 1),
(16, 1, 15, 0, 0, 600, 481, 600, 481, 1),
(17, 1, 16, 0, 0, 600, 532, 600, 532, 1),
(18, 1, 17, 0, 0, 600, 501, 600, 501, 1),
(19, 1, 9, 0, 0, 600, 486, 600, 486, 1),
(20, 1, 18, 0, 0, 600, 530, 600, 530, 1),
(21, 1, 19, 0, 0, 600, 797, 600, 797, 1),
(22, 3, 20, 0, 0, 600, 513, 600, 513, 1),
(23, 3, 5, 0, 0, 600, 505, 600, 505, 1),
(24, 3, 13, 0, 0, 600, 783, 600, 783, 1),
(25, 3, 8, 0, 0, 600, 516, 600, 516, 1),
(26, 3, 7, 0, 0, 600, 519, 600, 519, 1),
(27, 1, 21, 0, 0, 600, 515, 600, 515, 1),
(28, 1, 12, 0, 0, 600, 509, 600, 509, 1),
(29, 1, 22, 0, 0, 600, 511, 600, 511, 1),
(30, 1, 13, 0, 0, 600, 783, 600, 783, 1),
(31, 3, 9, 0, 0, 600, 486, 600, 486, 1),
(32, 3, 23, 0, 0, 600, 514, 600, 514, 1),
(33, 3, 1, 0, 0, 600, 471, 600, 471, 1),
(34, 3, 24, 0, 0, 600, 765, 600, 765, 1),
(35, 3, 21, 0, 0, 600, 515, 600, 515, 1),
(36, 2, 2, 0, 0, 600, 483, 600, 483, 1),
(37, 1, 24, 0, 0, 600, 765, 600, 765, 1),
(38, 1, 25, 0, 0, 600, 528, 600, 528, 1),
(39, 1, 26, 0, 0, 600, 503, 600, 503, 1),
(40, 1, 23, 0, 0, 600, 514, 600, 514, 1),
(41, 1, 27, 0, 0, 600, 486, 600, 486, 1),
(42, 1, 28, 0, 0, 600, 535, 600, 535, 1),
(43, 1, 29, 0, 0, 600, 759, 600, 759, 1),
(44, 1, 20, 0, 0, 600, 513, 600, 513, 1),
(45, 1, 30, 0, 0, 600, 774, 600, 774, 1);



INSERT INTO ns_user_select
(id, user_id, course_image_area_id, collection_id, course_round_id, review_image_status_id, review_user_id, ts_review, ts_submit, process_status_id)
VALUES
(1, 2, 1, 1, 1, 0, NULL, NULL, '2016-04-14 01:08:43', 1),
(2, 2, 2, 1, 1, 0, NULL, NULL, '2016-04-14 07:17:46', 2),
(3, 2, 3, 1, 1, 0, NULL, NULL, '2016-04-14 07:23:47', 0),
(4, 2, 4, 1, 1, 0, NULL, NULL, '2016-04-14 07:26:10', 2),
(5, 2, 5, 1, 1, 0, NULL, NULL, '2016-04-14 07:33:31', 1),
(6, 2, 6, 1, 1, 0, NULL, NULL, '2016-04-14 07:57:32', 2),
(7, 2, 7, 1, 1, 0, NULL, NULL, '2016-04-14 08:12:12', 2),
(8, 2, 8, 1, 1, 0, NULL, NULL, '2016-04-14 08:19:02', 2),
(9, 4, 9, 1, 2, 0, NULL, NULL, '2016-04-14 12:35:44', 0),
(10, 2, 10, 1, 1, 0, NULL, NULL, '2016-04-14 12:47:52', 0),
(11, 2, 11, 1, 1, 0, NULL, NULL, '2016-04-14 12:48:20', 2),
(12, 4, 12, 1, 2, 0, NULL, NULL, '2016-04-14 13:10:08', 1),
(13, 4, 13, 1, 2, 0, NULL, NULL, '2016-04-14 19:10:42', 0),
(14, 4, 14, 1, 2, 0, NULL, NULL, '2016-04-15 00:10:40', 0),
(15, 2, 15, 1, 1, 0, NULL, NULL, '2016-04-15 01:44:58', 1),
(16, 2, 16, 1, 1, 0, NULL, NULL, '2016-04-15 01:47:03', 0),
(17, 2, 17, 1, 1, 0, NULL, NULL, '2016-04-15 01:50:11', 2),
(18, 2, 18, 1, 1, 0, NULL, NULL, '2016-04-15 02:13:37', 2),
(19, 2, 19, 1, 1, 0, NULL, NULL, '2016-04-15 02:17:37', 2),
(20, 2, 20, 1, 1, 0, NULL, NULL, '2016-04-15 02:34:35', 2),
(21, 2, 21, 1, 1, 0, NULL, NULL, '2016-04-15 02:48:40', 1),
(22, 9, 22, 1, 3, 0, NULL, NULL, '2016-04-15 19:49:28', 0),
(23, 9, 23, 1, 3, 0, NULL, NULL, '2016-04-15 19:51:11', 1),
(24, 9, 24, 1, 3, 0, NULL, NULL, '2016-04-15 19:52:08', 1),
(25, 9, 25, 1, 3, 0, NULL, NULL, '2016-04-15 19:52:14', 0),
(26, 9, 26, 1, 3, 0, NULL, NULL, '2016-04-15 19:53:18', 0),
(27, 2, 27, 1, 1, 0, NULL, NULL, '2016-04-15 21:43:36', 1),
(28, 2, 28, 1, 1, 0, NULL, NULL, '2016-04-15 21:44:40', 1),
(29, 2, 29, 1, 1, 0, NULL, NULL, '2016-04-15 21:45:22', 1),
(30, 2, 30, 1, 1, 0, NULL, NULL, '2016-04-15 21:45:52', 2),
(31, 9, 31, 1, 3, 0, NULL, NULL, '2016-04-17 23:53:34', 2),
(32, 9, 32, 1, 3, 0, NULL, NULL, '2016-04-18 00:00:54', 2),
(33, 9, 33, 1, 3, 0, NULL, NULL, '2016-04-18 00:07:14', 2),
(34, 9, 34, 1, 3, 0, NULL, NULL, '2016-04-18 00:59:25', 2),
(35, 9, 35, 1, 3, 0, NULL, NULL, '2016-04-18 12:23:44', 2),
(36, 4, 36, 1, 2, 0, NULL, NULL, '2016-04-18 15:54:48', 2),
(37, 8, 11, 1, 1, 0, NULL, NULL, '2016-04-18 20:24:26', 2),
(38, 8, 30, 1, 1, 0, NULL, NULL, '2016-04-18 20:26:52', 2),
(39, 8, 18, 1, 1, 0, NULL, NULL, '2016-04-18 20:27:43', 2),
(40, 8, 28, 1, 1, 0, NULL, NULL, '2016-04-18 20:28:27', 2),
(41, 8, 7, 1, 1, 0, NULL, NULL, '2016-04-18 20:28:46', 1),
(42, 8, 37, 1, 1, 0, NULL, NULL, '2016-04-18 20:30:33', 2),
(43, 13, 37, 1, 1, 0, NULL, NULL, '2016-04-18 20:30:38', 2),
(44, 8, 17, 1, 1, 0, NULL, NULL, '2016-04-18 20:30:44', 1),
(45, 8, 38, 1, 1, 0, NULL, NULL, '2016-04-18 20:30:57', 1),
(46, 8, 8, 1, 1, 0, NULL, NULL, '2016-04-18 20:31:00', 1),
(47, 8, 19, 1, 1, 0, NULL, NULL, '2016-04-18 20:31:03', 1),
(48, 8, 39, 1, 1, 0, NULL, NULL, '2016-04-18 20:31:09', 1),
(49, 8, 10, 1, 1, 0, NULL, NULL, '2016-04-18 20:31:15', 2),
(50, 8, 40, 1, 1, 0, NULL, NULL, '2016-04-18 20:31:19', 1),
(51, 8, 41, 1, 1, 0, NULL, NULL, '2016-04-18 20:31:26', 1),
(52, 8, 29, 1, 1, 0, NULL, NULL, '2016-04-18 20:31:29', 1),
(53, 13, 42, 1, 1, 0, NULL, NULL, '2016-04-18 20:32:45', 2),
(54, 8, 42, 1, 1, 0, NULL, NULL, '2016-04-18 20:32:47', 2),
(55, 8, 43, 1, 1, 0, NULL, NULL, '2016-04-18 20:33:22', 1),
(56, 8, 44, 1, 1, 0, NULL, NULL, '2016-04-18 20:33:24', 1),
(57, 8, 1, 1, 1, 0, NULL, NULL, '2016-04-18 20:33:27', 2),
(58, 8, 3, 1, 1, 0, NULL, NULL, '2016-04-18 20:33:29', 1),
(59, 8, 27, 1, 1, 0, NULL, NULL, '2016-04-18 20:34:51', 2),
(60, 13, 27, 1, 1, 0, NULL, NULL, '2016-04-18 20:34:53', 2),
(61, 14, 27, 1, 1, 0, NULL, NULL, '2016-04-18 20:35:01', 2),
(62, 8, 5, 1, 1, 0, NULL, NULL, '2016-04-18 20:35:05', 1),
(63, 8, 16, 1, 1, 0, NULL, NULL, '2016-04-18 20:35:07', 1),
(64, 8, 4, 1, 1, 0, NULL, NULL, '2016-04-18 20:35:19', 1),
(65, 8, 20, 1, 1, 0, NULL, NULL, '2016-04-18 20:35:22', 1),
(66, 8, 6, 1, 1, 0, NULL, NULL, '2016-04-18 20:35:30', 1),
(67, 8, 21, 1, 1, 0, NULL, NULL, '2016-04-18 20:35:53', 1),
(68, 14, 10, 1, 1, 0, NULL, NULL, '2016-04-18 20:36:02', 2),
(69, 13, 10, 1, 1, 0, NULL, NULL, '2016-04-18 20:36:18', 2),
(70, 8, 45, 1, 1, 0, NULL, NULL, '2016-04-18 20:36:30', 1),
(71, 13, 1, 1, 1, 0, NULL, NULL, '2016-04-18 20:40:21', 2);



INSERT INTO ns_user_select_gaz_url
(id, gaz_url_id, user_select_id, search_type_id, course_image_area_id, review_gaz_status_id, review_user_id, ts_review)
VALUES
(1, 1, 1, 1, 1, 0, NULL, NULL),
(2, 2, 1, 2, 1, 0, NULL, NULL),
(3, 3, 2, 1, 2, 0, NULL, NULL),
(4, 4, 2, 2, 2, 0, NULL, NULL),
(5, 3, 3, 1, 3, 0, NULL, NULL),
(6, 4, 3, 2, 3, 0, NULL, NULL),
(7, 5, 4, 1, 4, 0, NULL, NULL),
(8, 6, 4, 2, 4, 0, NULL, NULL),
(9, 7, 6, 1, 6, 0, NULL, NULL),
(10, 8, 6, 2, 6, 0, NULL, NULL),
(11, 7, 7, 1, 7, 0, NULL, NULL),
(12, 8, 7, 2, 7, 0, NULL, NULL),
(13, 9, 8, 1, 8, 0, NULL, NULL),
(14, 8, 8, 2, 8, 0, NULL, NULL),
(15, 10, 9, 1, 9, 0, NULL, NULL),
(16, 11, 9, 2, 9, 0, NULL, NULL),
(17, 12, 10, 1, 10, 0, NULL, NULL),
(18, 13, 10, 2, 10, 0, NULL, NULL),
(19, 14, 13, 1, 13, 0, NULL, NULL),
(20, 15, 13, 2, 13, 0, NULL, NULL),
(21, 16, 14, 1, 14, 0, NULL, NULL),
(22, 17, 14, 2, 14, 0, NULL, NULL),
(23, 18, 16, 1, 16, 0, NULL, NULL),
(24, 19, 16, 2, 16, 0, NULL, NULL),
(25, 12, 17, 1, 17, 0, NULL, NULL),
(26, 20, 17, 2, 17, 0, NULL, NULL),
(27, 9, 18, 1, 18, 0, NULL, NULL),
(28, 21, 18, 2, 18, 0, NULL, NULL),
(29, 22, 20, 1, 20, 0, NULL, NULL),
(30, 23, 20, 2, 20, 0, NULL, NULL),
(31, 24, 21, 1, 21, 0, NULL, NULL),
(32, 8, 21, 2, 21, 0, NULL, NULL),
(33, 25, 11, 1, 11, 0, NULL, NULL),
(34, 26, 11, 2, 11, 0, NULL, NULL),
(35, 27, 22, 1, 22, 0, NULL, NULL),
(36, 28, 22, 2, 22, 0, NULL, NULL),
(37, 7, 23, 1, 23, 0, NULL, NULL),
(38, 7, 26, 1, 26, 0, NULL, NULL),
(39, 29, 8, 1, 8, 0, NULL, NULL),
(40, 30, 8, 2, 8, 0, NULL, NULL),
(41, 31, 6, 1, 6, 0, NULL, NULL),
(42, 32, 17, 1, 17, 0, NULL, NULL),
(43, 1, 11, 1, 11, 0, NULL, NULL),
(44, 33, 2, 2, 2, 0, NULL, NULL),
(45, 34, 4, 2, 4, 0, NULL, NULL),
(46, 23, 18, 2, 18, 0, NULL, NULL),
(47, 7, 30, 1, 30, 0, NULL, NULL),
(48, 8, 30, 2, 30, 0, NULL, NULL),
(49, 35, 31, 1, 31, 0, NULL, NULL),
(50, 25, 32, 1, 32, 0, NULL, NULL),
(51, 36, 32, 2, 32, 0, NULL, NULL),
(52, 37, 33, 1, 33, 0, NULL, NULL),
(53, 38, 33, 2, 33, 0, NULL, NULL),
(54, 25, 34, 1, 34, 0, NULL, NULL),
(55, 36, 34, 2, 34, 0, NULL, NULL),
(56, 7, 35, 1, 35, 0, NULL, NULL),
(57, 39, 35, 2, 35, 0, NULL, NULL),
(58, 40, 36, 2, 36, 0, NULL, NULL),
(59, 35, 19, 1, 19, 0, NULL, NULL),
(60, 41, 19, 2, 19, 0, NULL, NULL),
(61, 25, 37, 1, 11, 0, NULL, NULL),
(62, 42, 37, 2, 11, 0, NULL, NULL),
(63, 7, 38, 1, 30, 0, NULL, NULL),
(64, 43, 38, 2, 30, 0, NULL, NULL),
(65, 9, 39, 1, 18, 0, NULL, NULL),
(66, 44, 39, 2, 18, 0, NULL, NULL),
(67, 45, 40, 1, 28, 0, NULL, NULL),
(68, 44, 40, 2, 28, 0, NULL, NULL),
(69, 25, 42, 1, 37, 0, NULL, NULL),
(70, 42, 42, 2, 37, 0, NULL, NULL),
(71, 25, 43, 1, 37, 0, NULL, NULL),
(72, 42, 43, 2, 37, 0, NULL, NULL),
(73, 46, 53, 1, 42, 0, NULL, NULL),
(74, 44, 53, 2, 42, 0, NULL, NULL),
(75, 46, 54, 1, 42, 0, NULL, NULL),
(76, 7, 59, 1, 27, 0, NULL, NULL),
(77, 44, 59, 2, 27, 0, NULL, NULL),
(78, 7, 60, 1, 27, 0, NULL, NULL),
(79, 47, 60, 2, 27, 0, NULL, NULL),
(80, 7, 61, 1, 27, 0, NULL, NULL),
(81, 44, 61, 2, 27, 0, NULL, NULL),
(82, 12, 68, 1, 10, 0, NULL, NULL),
(83, 42, 68, 2, 10, 0, NULL, NULL),
(84, 12, 69, 1, 10, 0, NULL, NULL),
(85, 42, 69, 2, 10, 0, NULL, NULL),
(86, 12, 49, 1, 10, 0, NULL, NULL),
(87, 42, 49, 2, 10, 0, NULL, NULL),
(88, 48, 71, 1, 1, 0, NULL, NULL),
(89, 49, 71, 2, 1, 0, NULL, NULL),
(90, 48, 57, 1, 1, 0, NULL, NULL),
(91, 49, 57, 2, 1, 0, NULL, NULL);


INSERT INTO ns_user_select_gaz_label
(id, user_select_gaz_url_id, gaz_label_id, gaz_label_value)
VALUES
( 1, 1, 2, 'An ancient place, cited: BAtlas 102 F3 Pontike'),
( 2, 1, 3, 'diocese'),
( 3, 1, 1, 'Pontike'),
( 4, 2, 3, 'Greece'),
( 5, 2, 1, 'Early Geometric'),
( 6, 3, 2, 'An ancient settlement on Crete where occupation began ca. 3000 BC, Phaistos was a major center of the Minoan civilization and continued to be a Greek city of the first millennium BC.'),
( 7, 3, 3, 'Phaistos/Ag. Ioannis'),
( 8, 3, 1, 'Phaistos'),
( 9, 4, 3, 'Greece'),
(10, 4, 1, 'Middle Minoan'),
(11, 5, 2, 'An ancient settlement on Crete where occupation began ca. 3000 BC, \'Phaistos was a major center of the Minoan civilization and continued to be a Greek city of the first millennium BC.'),
(12, 5, 3, 'Phaistos/Ag. Ioannis'),
(13, 5, 1, 'Phaistos'),
(14, 6, 3, 'Greece'),
(15, 6, 1, 'Middle Minoan'),
(16, 7, 2, 'An ancient place, \'cited: BAtlas 60 D2 Knosos/Col. Iulia Nobilis Cnosos'),
(17, 7, 3, 'settlement and quarry at Knossos/Makryteikhos'),
(18, 7, 1, 'Knosos/Col. Iulia Nobilis Cnosos'),
(19, 8, 3, 'Greece'),
(20, 8, 1, 'Late Minoan IIIA'),
(21, 10, 3, 'Turkey'),
(22, 10, 1, 'Hellenistic-Roman Early Empire (330 BC - AD 300)'),
(23, 12, 3, 'Turkey'),
(24, 12, 1, 'Hellenistic-Roman Early Empire (330 BC - AD 300)'),
(25, 13, 2, 'An ancient island located just above the first cataract of the Nile that was flooded by the construction of the Aswan High Dam. The island was home to a multi-period temple complex, which was moved to the nearby island of Agilkia and declared a UNESCO World Heritage Site in the 1970s.'),
(26, 13, 3, 'Bilaq'),
(27, 13, 1, 'Philae'),
(28, 14, 3, 'Egypt'),
(29, 14, 1, 'Hellenistic-Roman Early Empire (330 BC - AD 300'),
(30, 15, 2, 'An ancient Assyrian city located 20 miles south of the city of Mosul, Iraq, and now known as Nimrud. The city occupies a strategic position six miles north of the point where the Tigris river meets its tributary the Great Zab.'),
(31, 15, 3, 'Nimrud'),
(32, 16, 3, 'Ukraine'),
(33, 16, 1, 'Ancient Rus`'),
(34, 17, 2, 'The city of Jerusalem.'),
(35, 17, 3, 'Jerusalem'),
(36, 17, 1, 'Ierusalem/Hierosolyma/Col. Aelia Capitolina'),
(37, 18, 3, 'Israel'),
(38, 18, 1, 'Early Islamic Period'),
(39, 19, 2, 'An ancient place, cited: BAtlas 36 C4 Dedris?'),
(40, 19, 3, 'Edri'),
(41, 19, 1, 'Dedris?'),
(42, 20, 3, 'Greece'),
(43, 20, 1, 'Modern (AD 1700-Present'),
(44, 21, 2, 'An ancient city, located in modern Syria, with remains of an ancient church and residential buildings. Inscribed as a UNESCO World Heritage Site in 2011 as part of the "Ancient Villages of Northern Syria."'),
(45, 21, 3,''),
(46, 21, 1, 'Sinkhar'),
(47, 22, 7, '700'),
(48, 22, 6, '400'),
(49, 22, 3, 'Messenia'),
(50, 22, 1, 'Late Roman Period'),
(51, 23, 2, 'An ancient place, cited: BAtlas 59 B2 Palaikastro'),
(52, 23, 3, 'Palaikastro, N Plakoto'),
(53, 23, 1, 'Palaikastro'),
(54, 24, 7, '-1499'),
(55, 24, 6, '-1599'),
(56, 24, 3, 'Greece'),
(57, 24, 1, 'Late Minoan IA'),
(58, 25, 2, 'The city of Jerusalem.'),
(59, 25, 3, 'Jerusalem'),
(60, 25, 1, 'Ierusalem/Hierosolyma/Col. Aelia Capitolina'),
(61, 26, 7, '1917'),
(62, 26, 6, '1516'),
(63, 26, 3, 'Israel'),
(64, 26, 1, 'Ottoman Period'),
(65, 27, 2, 'An ancient island located just above the first cataract of the Nile that was flooded by the construction of the Aswan High Dam. The island was home to a multi-period temple complex, which was moved to the nearby island of Agilkia and declared a UNESCO World Heritage Site in the 1970s.'),
(66, 27, 3, 'Bilaq'),
(67, 27, 1, 'Philae'),
(68, 28, 7, '-1069'),
(69, 28, 6, '-1549'),
(70, 28, 3, 'Egypt'),
(71, 28, 1, 'New Kingdom'),
(72, 29, 2, 'The site of two temples constructed by Ramesses II, one dedicated to the triad of Amun, Ra-Horakhty, and Ptah, as well as the deified Ramesses, and another dedicated to Hathor and the pharaoh\'s wife Nefertari. The temple was relocated between 1964 and 1968 to prevent its submersion under Lake Nasser after the construction of the Aswan High Dam.'),
(73, 29, 3,''),
(74, 29, 1, 'Abu Simbel'),
(75, 30, 7, '-1086'),
(76, 30, 6, '-1548'),
(77, 30, 3, 'Egypt'),
(78, 30, 1, 'New Kingdom Egypt (1548-1086'),
(79, 31, 2, 'A major city in Caria'),
(80, 31, 3, 'Balat'),
(81, 31, 1, 'Miletus'),
(82, 32, 7, '300'),
(83, 32, 6, '-330'),
(84, 32, 3, 'Turkey'),
(85, 32, 1, 'Hellenistic-Roman Early Empire (330 BC - AD 300'),
(86, 33, 2, 'An ancient city of Campania destroyed by the volcanic eruption of Mt. Vesuvius in AD 79; named as UNESCO World Heritage Site in 1997.'),
(87, 33, 3, 'Pompei Scavi'),
(88, 33, 1, 'Pompeii'),
(89, 34, 7, '399'),
(90, 34, 6, '31'),
(91, 34, 3, 'Italy'),
(92, 34, 1, 'Roman Imperial'),
(93, 35, 2, 'A fortified town in Laconia, Peloponnese, Greece, named as a UNESCO World Heritage Site in 1989.'),
(94, 35, 3,''),
(95, 35, 1, 'Mystras'),
(96, 36, 7, '1453'),
(97, 36, 6, '1204'),
(98, 36, 3, 'Greece'),
(99, 36, 1, 'Late Byzantine'),
(100, 39, 2, 'An ancient place, cited: BAtlas 21 D4 Bocşa'),
(101, 39, 3, 'Bocşa, ROM'),
(102, 39, 1, 'Bocşa'),
(103, 40, 7, '1949'),
(104, 40, 6, '1850'),
(105, 40, 3, 'Albania'),
(106, 40, 1, 'Modern'),
(107, 41, 2, 'The early settlement history of [Feraria] (modern Ferrara) remains uncertain. The name Ferrara appears in AD 753 in a document of the Lombard  king Desiderius.'),
(108, 41, 3, 'Ferrara'),
(109, 41, 1, '[Feraria]'),
(110, 42, 2, 'An ancient place, cited: BAtlas 21 E5 Ad Mediam'),
(111, 42, 3, 'Băile Herculane ROM'),
(112, 42, 1, 'Ad Mediam'),
(113, 43, 2, 'An ancient place, cited: BAtlas 102 F3 Pontike'),
(114, 43, 3, 'diocese'),
(115, 43, 1, 'Pontike'),
(116, 44, 7, '-1600'),
(117, 44, 6, '-2000'),
(118, 44, 3, 'Greece'),
(119, 44, 1, 'Middle Minoan (Crete; 2000-1600 BC/BCE'),
(120, 45, 7, '-1374'),
(121, 45, 6, '-1399'),
(122, 45, 3, 'Greece'),
(123, 45, 1, 'Late Minoan IIIA1'),
(124, 11, 2, 'Priene/‘Lince’? was an ancient Greek city of Ionia on an escarpment of Mycale Mons.'),
(125, 11, 3, 'Güllübahçe'),
(126, 11, 1, 'Priene/‘Lince’?'),
(127, 12, 7, '300'),
(128, 12, 6, '-330'),
(129, 46, 7, '-1086'),
(130, 46, 6, '-1548'),
(131, 46, 3, 'Egypt'),
(132, 46, 1, 'New Kingdom Egypt (1548-1086'),
(133, 47, 2, 'Priene/‘Lince’? was an ancient Greek city of Ionia on an escarpment of Mycale Mons.'),
(134, 47, 3, 'Güllübahçe'),
(135, 47, 1, 'Priene/‘Lince’?'),
(136, 48, 7, '300'),
(137, 48, 6, '-330'),
(138, 48, 3, 'Turkey'),
(139, 48, 1, 'Hellenistic-Roman Early Empire (330 BC - AD 300'),
(140, 49, 2, 'The Roman capital of Creta et Cyrenaica province, then Creta, and later seat of the Archbishop of Crete, Gortyna was a thriving community from the Geometric period to the Middle Byzantine period. The first traces of urban settlement date from the Archaic period. The ancient Greek law code known as the "Gortyn Code" was discovered there in 1884.'),
(141, 49, 3, 'Gortyna/Ag. Deka'),
(142, 49, 1, 'Gortyn(a'),
(143, 50, 2, 'An ancient city of Campania destroyed by the volcanic eruption of Mt. Vesuvius in AD 79; named as UNESCO World Heritage Site in 1997.'),
(144, 50, 3, 'Pompei Scavi'),
(145, 50, 1, 'Pompeii'),
(146, 51, 7, '29'),
(147, 51, 6, '-349'),
(148, 51, 3, 'Italy'),
(149, 51, 1, 'Roman Republican'),
(150, 52, 2, 'The Throne Room in the "Palace of Minos" at Knossos, a room with ritual features located on the west side of the central courtyard of the palace. The room takes its name from the masonry throne, flanked by frescoes depicting griffins, that occupies one of its walls.'),
(151, 52, 3,''),
(152, 52, 1, 'Throne Room in Palace of Minos'),
(153, 53, 7, '-1399'),
(154, 53, 6, '-1449'),
(155, 53, 3, 'Greece'),
(156, 53, 1, 'Late Minoan II'),
(157, 54, 2, 'An ancient city of Campania destroyed by the volcanic eruption of Mt. Vesuvius in AD 79; named as UNESCO World Heritage Site in 1997.'),
(158, 54, 3, 'Pompei Scavi'),
(159, 54, 1, 'Pompeii'),
(160, 55, 7, '29'),
(161, 55, 6, '-349'),
(162, 55, 3, 'Italy'),
(163, 55, 1, 'Roman Republican'),
(164, 56, 2, 'Priene/‘Lince’? was an ancient Greek city of Ionia on an escarpment of Mycale Mons.'),
(165, 56, 3, 'Güllübahçe'),
(166, 56, 1, 'Priene/‘Lince’?'),
(167, 57, 7, '-140'),
(168, 57, 6, '-330'),
(169, 57, 3, 'Turkey'),
(170, 57, 1, 'Hellenistic Middle East (330-140 BC)'),
(171, 58, 7, '1507'),
(172, 58, 6, '1370'),
(173, 58, 3, 'Afghanistan'),
(174, 58, 1, 'Timurid dynasty'),
(175, 59, 2, 'The Roman capital of Creta et Cyrenaica province, then Creta, and later seat of the Archbishop of Crete, Gortyna was a thriving community from the Geometric period to the Middle Byzantine period. The first traces of urban settlement date from the Archaic period. The ancient Greek law code known as the "Gortyn Code" was discovered there in 1884.'),
(176, 59, 3, 'Gortyna/Ag. Deka'),
(177, 59, 1, 'Gortyn(a'),
(178, 60, 7, '-478'),
(179, 60, 6, '-599'),
(180, 60, 3, 'Greece'),
(181, 60, 1, 'Archaic'),
(182, 61, 2, 'An ancient city of Campania destroyed by the volcanic eruption of Mt. Vesuvius in AD 79; named as UNESCO World Heritage Site in 1997.'),
(183, 61, 3, 'Pompei Scavi'),
(184, 61, 1, 'Pompeii'),
(185, 62, 7, '180'),
(186, 62, 6, '96'),
(187, 62, 3, 'Italy'),
(188, 62, 1, 'High Empire'),
(189, 63, 2, 'Priene/‘Lince’? was an ancient Greek city of Ionia on an escarpment of Mycale Mons.'),
(190, 63, 3, 'Güllübahçe'),
(191, 63, 1, 'Priene/‘Lince’?'),
(192, 64, 7, '-448'),
(193, 64, 6, '-499'),
(194, 64, 3, 'Greece'),
(195, 64, 1, 'Persian Wars, 500-449 B.C.'),
(196, 65, 2, 'An ancient island located just above the first cataract of the Nile that was flooded by the construction of the Aswan High Dam. The island was home to a multi-period temple complex, which was moved to the nearby island of Agilkia and declared a UNESCO World Heritage Site in the 1970s.'),
(197, 65, 3, 'Bilaq'),
(198, 65, 1, 'Philae'),
(199, 66, 7, '-30'),
(200, 66, 6, '-322'),
(201, 66, 3, 'Greece'),
(202, 66, 1, 'Hellenistic'),
(203, 67, 2, 'An ancient island or island group, attested by literary or documentary sources, whose precise location cannot be determined today'),
(204, 67, 3, 'island-group'),
(205, 67, 1, 'Didyma'),
(206, 68, 7, '-30'),
(207, 68, 6, '-322'),
(208, 68, 3, 'Greece'),
(209, 68, 1, 'Hellenistic'),
(210, 69, 2, 'An ancient city of Campania destroyed by the volcanic eruption of Mt. Vesuvius in AD 79; named as UNESCO World Heritage Site in 1997.'),
(211, 69, 3, 'Pompei Scavi'),
(212, 69, 1, 'Pompeii'),
(213, 70, 7, '180'),
(214, 70, 6, '96'),
(215, 70, 3, 'Italy'),
(216, 70, 1, 'High Empire'),
(217, 71, 2, 'An ancient city of Campania destroyed by the volcanic eruption of Mt. Vesuvius in AD 79; named as UNESCO World Heritage Site in 1997.'),
(218, 71, 3, 'Pompei Scavi'),
(219, 71, 1, 'Pompeii'),
(220, 72, 7, '180'),
(221, 72, 6, '96'),
(222, 72, 3, 'Italy'),
(223, 72, 1, 'High Empire'),
(224, 73, 2, 'An ancient place, cited: BAtlas 69 unlocated Mariamme'),
(225, 73, 3, 'near Baalbek LEB'),
(226, 73, 1, 'Mariamme'),
(227, 74, 7, '-30'),
(228, 74, 6, '-322'),
(229, 74, 3, 'Greece'),
(230, 74, 1, 'Hellenistic'),
(231, 75, 2, 'An ancient place, cited: BAtlas 69 unlocated Mariamme'),
(232, 75, 3, 'near Baalbek LEB'),
(233, 75, 1, 'Mariamme'),
(234, 76, 2, 'Priene/‘Lince’? was an ancient Greek city of Ionia on an escarpment of Mycale Mons.'),
(235, 76, 3, 'Güllübahçe'),
(236, 76, 1, 'Priene/‘Lince’?'),
(237, 77, 7, '-30'),
(238, 77, 6, '-322'),
(239, 77, 3, 'Greece'),
(240, 77, 1, 'Hellenistic'),
(241, 78, 2, 'Priene/‘Lince’? was an ancient Greek city of Ionia on an escarpment of Mycale Mons.'),
(242, 78, 3, 'Güllübahçe'),
(243, 78, 1, 'Priene/‘Lince’?'),
(244, 79, 7, '-331'),
(245, 79, 6, '-321'),
(246, 79, 3, 'Italy'),
(247, 79, 1, 'Hellenistic'),
(248, 80, 2, 'Priene/‘Lince’? was an ancient Greek city of Ionia on an escarpment of Mycale Mons.'),
(249, 80, 3, 'Güllübahçe'),
(250, 80, 1, 'Priene/‘Lince’?'),
(251, 81, 7, '-30'),
(252, 81, 6, '-322'),
(253, 81, 3, 'Greece'),
(254, 81, 1, 'Hellenistic'),
(255, 82, 2, 'The city of Jerusalem.'),
(256, 82, 3, 'Jerusalem'),
(257, 82, 1, 'Ierusalem/Hierosolyma/Col. Aelia Capitolina'),
(258, 83, 7, '180'),
(259, 83, 6, '96'),
(260, 83, 3, 'Italy'),
(261, 83, 1, 'High Empire'),
(262, 84, 2, 'The city of Jerusalem.'),
(263, 84, 3, 'Jerusalem'),
(264, 84, 1, 'Ierusalem/Hierosolyma/Col. Aelia Capitolina'),
(265, 85, 7, '180'),
(266, 85, 6, '96'),
(267, 85, 3, 'Italy'),
(268, 85, 1, 'High Empire'),
(269, 86, 2, 'The city of Jerusalem.'),
(270, 86, 3, 'Jerusalem'),
(271, 86, 1, 'Ierusalem/Hierosolyma/Col. Aelia Capitolina'),
(272, 87, 7, '180'),
(273, 87, 6, '96'),
(274, 87, 3, 'Italy'),
(275, 87, 1, 'High Empire'),
(276, 88, 2, 'The island of Crete is the largest of the Greek islands and the fifth-largest island in the Mediterranean Sea.'),
(277, 88, 3, 'island'),
(278, 88, 1, 'Creta Ins.'),
(279, 89, 7, '-1049'),
(280, 89, 6, '-3199'),
(281, 89, 3, 'Greece'),
(282, 89, 1, 'Bronze Age'),
(283, 90, 2, 'The island of Crete is the largest of the Greek islands and the fifth-largest island in the Mediterranean Sea.'),
(284, 90, 3, 'island'),
(285, 90, 1, 'Creta Ins.'),
(286, 91, 7, '-1049'),
(287, 91, 6, '-3199'),
(288, 91, 3, 'Greece'),
(289, 91, 1, 'Bronze Age');



INSERT INTO ns_user_history
(id, user_select_id, bbox_geo_nw_lat, bbox_geo_nw_long, bbox_geo_se_lat, bbox_geo_se_long, year_begin, year_end)
VALUES
(1, 1, '51.9984103824', '-8.0859375', '13.6673382597', '44.033203125', NULL, NULL),
(2, 2, '43.8345267822', '14.0625', '29.0753751796', '35.68359375', -1900, -1000),
(3, 3, '39.7409863559', '19.3139648438', '34.3797125805', '29.4873046875', NULL, NULL),
(4, 4, '40.8470603561', '17.75390625', '33.5780147461', '28.4765625', NULL, NULL),
(5, 6, '42.9403392336', '25.3125', '35.7465122599', '41.8359375', -400, -100),
(6, 7, '44.9647979303', '22.32421875', '34.8859309408', '51.50390625', NULL, NULL),
(7, 8, '32.1011897323', '23.73046875', '21.9430455334', '35.859375', -300, 300),
(8, 9, '61.4387674937', '18.6328125', '23.1076953709', '70.751953125', -222, 1976),
(9, 10, '32.0360200397', '34.8596191406', '31.6720834856', '36.0104370117', -2000, -1000),
(10, 11, NULL, NULL, NULL, NULL, NULL, NULL),
(11, 12, NULL, NULL, NULL, NULL, NULL, NULL),
(12, 5, '43.4529188936', '23.203125', '35.029996369', '36.38671875', -300, 300),
(13, 13, '37.9961626797', '12.48046875', '18.8404259293', '38.671875', NULL, NULL),
(14, 14, '51.9984103824', '-7.822265625', '13.6673382597', '43.857421875', 20, 1000),
(15, 15, '41.6729118196', '13.0078125', '39.5548830599', '17.138671875', -50, 79),
(16, 16, '39.2322531417', '20.21484375', '32.842673632', '31.2890625', NULL, NULL),
(17, 17, '38.9594087925', '25.6640625', '29.0753751796', '46.93359375', 100, 2000),
(18, 18, '31.3911575228', '26.1474609375', '26.3605383038', '32.7392578125', -3000, 200),
(19, 20, '32.6948659779', '25.13671875', '21.7799053425', '38.14453125', -2500, -1200),
(20, 21, '42.0329743324', '24.2578125', '35.7465122599', '46.318359375', NULL, NULL),
(21, 22, '44.0875850282', '16.5234375', '30.4486736793', '32.6953125', 800, 2000),
(22, 23, '42.6824353984', '23.5546875', '34.7416124988', '45.17578125', NULL, NULL),
(23, 24, NULL, NULL, NULL, NULL, NULL, NULL),
(24, 25, NULL, NULL, NULL, NULL, NULL, NULL),
(25, 26, '43.8345267822', '19.86328125', '35.3173663292', '36.03515625', NULL, NULL),
(26, 27, NULL, NULL, NULL, NULL, NULL, NULL),
(27, 28, NULL, NULL, NULL, NULL, NULL, NULL),
(28, 29, NULL, NULL, NULL, NULL, NULL, NULL),
(29, 30, NULL, NULL, NULL, NULL, NULL, NULL),
(30, 31, '36.1733569352', '21.62109375', '32.9902355597', '28.212890625', -600, 400),
(31, 32, '44.9647979303', '9.66796875', '35.7465122599', '20.390625', -500, 79),
(32, 33, '37.9961626797', '19.86328125', '32.842673632', '34.27734375', NULL, NULL),
(33, 34, '48.3416461724', '2.98828125', '35.3173663292', '23.02734375', -500, 79),
(34, 35, '48.3416461724', '15.29296875', '24.8465653482', '52.20703125', NULL, NULL),
(35, 36, NULL, NULL, NULL, NULL, NULL, NULL),
(36, 19, '37.9961626797', '20.7421875', '33.7243396617', '27.94921875', -700, -400),
(37, 37, NULL, NULL, NULL, NULL, NULL, NULL),
(38, 38, NULL, NULL, NULL, NULL, NULL, NULL),
(39, 39, NULL, NULL, NULL, NULL, NULL, NULL),
(40, 40, NULL, NULL, NULL, NULL, NULL, NULL),
(41, 41, NULL, NULL, NULL, NULL, NULL, NULL),
(42, 42, NULL, NULL, NULL, NULL, NULL, NULL),
(43, 43, NULL, NULL, NULL, NULL, NULL, NULL),
(44, 44, NULL, NULL, NULL, NULL, NULL, NULL),
(45, 45, NULL, NULL, NULL, NULL, NULL, NULL),
(46, 46, NULL, NULL, NULL, NULL, NULL, NULL),
(47, 47, NULL, NULL, NULL, NULL, NULL, NULL),
(48, 48, NULL, NULL, NULL, NULL, NULL, NULL),
(49, 49, NULL, NULL, NULL, NULL, NULL, NULL),
(50, 50, NULL, NULL, NULL, NULL, NULL, NULL),
(51, 51, NULL, NULL, NULL, NULL, NULL, NULL),
(52, 52, NULL, NULL, NULL, NULL, NULL, NULL),
(53, 53, NULL, NULL, NULL, NULL, NULL, NULL),
(54, 54, NULL, NULL, NULL, NULL, NULL, NULL),
(55, 55, NULL, NULL, NULL, NULL, NULL, NULL),
(56, 56, NULL, NULL, NULL, NULL, NULL, NULL),
(57, 57, NULL, NULL, NULL, NULL, NULL, NULL),
(58, 58, NULL, NULL, NULL, NULL, NULL, NULL),
(59, 59, NULL, NULL, NULL, NULL, NULL, NULL),
(60, 60, NULL, NULL, NULL, NULL, NULL, NULL),
(61, 61, NULL, NULL, NULL, NULL, NULL, NULL),
(62, 62, NULL, NULL, NULL, NULL, NULL, NULL),
(63, 63, NULL, NULL, NULL, NULL, NULL, NULL),
(64, 64, NULL, NULL, NULL, NULL, NULL, NULL),
(65, 65, NULL, NULL, NULL, NULL, NULL, NULL),
(66, 66, NULL, NULL, NULL, NULL, NULL, NULL),
(67, 67, NULL, NULL, NULL, NULL, NULL, NULL),
(68, 68, NULL, NULL, NULL, NULL, NULL, NULL),
(69, 69, NULL, NULL, NULL, NULL, NULL, NULL),
(70, 70, NULL, NULL, NULL, NULL, NULL, NULL),
(71, 71, NULL, NULL, NULL, NULL, NULL, NULL);


INSERT INTO ns_user_history_gazetteer
(id, user_select_id, gazetteer_id)
VALUES
(2, 1, 2),
(43, 2, 2),
(6, 3, 2),
(45, 4, 2),
(39, 6, 1),
(47, 7, 2),
(38, 8, 2),
(16, 9, 2),
(18, 10, 2),
(41, 11, 1),
(20, 13, 2),
(22, 14, 2),
(24, 16, 2),
(40, 17, 1),
(51, 18, 2),
(65, 19, 2),
(49, 20, 2),
(32, 21, 2),
(36, 22, 2),
(53, 30, 2),
(54, 31, 1),
(56, 32, 2),
(58, 33, 2),
(60, 34, 2),
(62, 35, 2),
(63, 36, 2),
(67, 37, 2),
(69, 38, 2),
(71, 39, 2),
(73, 40, 2),
(75, 42, 2),
(77, 43, 2),
(92, 49, 2),
(79, 53, 2),
(80, 54, 1),
(96, 57, 2),
(82, 59, 2),
(84, 60, 2),
(86, 61, 2),
(88, 68, 2),
(90, 69, 2),
(94, 71, 2);


INSERT INTO ns_user_history_keyword_clause
(id, user_select_id, search_type_id, keyword_clause)
VALUES
(1, 2, 1, 'Phaistos'),
(2, 2, 2, 'Minoan'),
(3, 3, 1, 'Phaistos'),
(4, 3, 2, 'Minoan'),
(5, 4, 1, 'Knossos'),
(6, 4, 2, 'Late+Minoan'),
(7, 6, 1, 'Priene'),
(8, 6, 2, 'Hellenistic'),
(9, 7, 1, 'Priene'),
(10, 7, 2, 'Hellenistic'),
(11, 8, 1, 'Philae'),
(12, 9, 1, 'city'),
(13, 9, 2, 'ancient'),
(14, 10, 1, 'Jerusalem'),
(15, 10, 2, 'Islamic'),
(16, 13, 2, 'modern'),
(17, 14, 1, 'ancient'),
(18, 14, 2, 'ancient'),
(19, 16, 1, 'Palaikastro'),
(20, 16, 2, 'Late+Minoan'),
(21, 17, 1, 'Jerusalem'),
(22, 17, 2, 'Israel'),
(23, 18, 1, 'Philae'),
(24, 20, 1, 'Abu+Simbel'),
(25, 20, 2, 'Kingdom'),
(26, 21, 1, 'Miletus'),
(27, 21, 2, 'Hellenistic'),
(28, 11, 2, 'Imperial'),
(29, 22, 1, 'Peloponnese'),
(30, 8, 2, 'modern'),
(31, 18, 2, 'New+Kingdom'),
(32, 30, 1, 'Priene'),
(33, 30, 2, 'Hellenistic'),
(34, 31, 1, 'Gortyn'),
(35, 32, 1, 'Pompeii'),
(36, 33, 1, 'Knossos'),
(37, 33, 2, 'Late+Minoan+II'),
(38, 34, 1, 'Pompeii'),
(39, 35, 1, 'Priene'),
(40, 36, 2, 'modern'),
(41, 19, 1, 'Gortyn'),
(42, 37, 1, 'pompeii'),
(43, 37, 2, 'rome'),
(44, 38, 1, 'Priene'),
(45, 38, 2, 'Greece'),
(46, 39, 1, 'Philae'),
(47, 39, 2, 'greece'),
(48, 40, 1, 'Didyma'),
(49, 40, 2, 'hellenistic'),
(50, 42, 1, 'pompeii'),
(51, 42, 2, 'rome'),
(52, 43, 1, 'pompeii'),
(53, 43, 2, 'rome'),
(54, 53, 1, 'baalbek'),
(55, 53, 2, 'hellenistic'),
(56, 54, 1, 'baalbek'),
(57, 59, 1, 'Priene'),
(58, 59, 2, 'hellenistic'),
(59, 60, 1, 'Priene'),
(60, 60, 2, 'hellenistic'),
(61, 61, 1, 'Priene'),
(62, 61, 2, 'hellenistic'),
(63, 68, 1, 'Jerusalem'),
(64, 68, 2, 'rome'),
(65, 69, 1, 'Jerusalem'),
(66, 69, 2, 'rome'),
(67, 49, 1, 'jerusalem'),
(68, 49, 2, 'rome'),
(69, 71, 1, 'creta'),
(70, 71, 2, 'greece'),
(71, 57, 1, 'crete'),
(72, 57, 2, 'greece');


INSERT INTO ns_user_history_metadata_term
(id, user_select_id, metadata_term_id)
VALUES
(171, 1, 1),
(172, 1, 3),
(173, 1, 5),
(174, 1, 6),
(175, 1, 7),
(191, 2, 1),
(192, 2, 3),
(193, 2, 5),
(194, 2, 6),
(195, 2, 7),
(11, 3, 1),
(12, 3, 3),
(13, 3, 5),
(14, 3, 6),
(15, 3, 7),
(196, 4, 1),
(197, 4, 3),
(198, 4, 5),
(199, 4, 6),
(200, 4, 7),
(56, 5, 1),
(57, 5, 3),
(58, 5, 5),
(59, 5, 6),
(60, 5, 7),
(146, 6, 1),
(147, 6, 3),
(148, 6, 5),
(149, 6, 6),
(150, 6, 7),
(201, 7, 1),
(202, 7, 3),
(203, 7, 5),
(204, 7, 6),
(205, 7, 7),
(141, 8, 1),
(142, 8, 3),
(143, 8, 5),
(144, 8, 6),
(145, 8, 7),
(36, 9, 1),
(37, 9, 3),
(38, 9, 5),
(39, 9, 6),
(40, 9, 7),
(41, 10, 1),
(42, 10, 3),
(43, 10, 5),
(44, 10, 6),
(45, 10, 7),
(156, 11, 1),
(157, 11, 3),
(158, 11, 5),
(159, 11, 6),
(160, 11, 7),
(51, 12, 1),
(52, 12, 3),
(53, 12, 5),
(54, 12, 6),
(55, 12, 7),
(61, 13, 1),
(62, 13, 3),
(63, 13, 5),
(64, 13, 6),
(65, 13, 7),
(66, 14, 1),
(67, 14, 3),
(68, 14, 5),
(69, 14, 6),
(70, 14, 7),
(71, 15, 1),
(72, 15, 3),
(73, 15, 5),
(74, 15, 6),
(75, 15, 7),
(76, 16, 1),
(77, 16, 3),
(78, 16, 5),
(79, 16, 6),
(80, 16, 7),
(151, 17, 1),
(152, 17, 3),
(153, 17, 5),
(154, 17, 6),
(155, 17, 7),
(211, 18, 1),
(212, 18, 3),
(213, 18, 5),
(214, 18, 6),
(215, 18, 7),
(251, 19, 1),
(252, 19, 3),
(253, 19, 5),
(254, 19, 6),
(255, 19, 7),
(206, 20, 1),
(207, 20, 3),
(208, 20, 5),
(209, 20, 6),
(210, 20, 7),
(181, 21, 1),
(182, 21, 3),
(183, 21, 5),
(184, 21, 6),
(185, 21, 7),
(106, 22, 1),
(107, 22, 3),
(108, 22, 5),
(109, 22, 6),
(110, 22, 7),
(121, 23, 1),
(122, 23, 3),
(123, 23, 5),
(124, 23, 6),
(125, 23, 7),
(126, 24, 1),
(127, 24, 3),
(128, 24, 5),
(129, 24, 6),
(130, 24, 7),
(131, 25, 1),
(132, 25, 3),
(133, 25, 5),
(134, 25, 6),
(135, 25, 7),
(136, 26, 1),
(137, 26, 3),
(138, 26, 5),
(139, 26, 6),
(140, 26, 7),
(161, 27, 1),
(162, 27, 3),
(163, 27, 5),
(164, 27, 6),
(165, 27, 7),
(166, 28, 1),
(167, 28, 3),
(168, 28, 5),
(169, 28, 6),
(170, 28, 7),
(176, 29, 1),
(177, 29, 3),
(178, 29, 5),
(179, 29, 6),
(180, 29, 7),
(216, 30, 1),
(217, 30, 3),
(218, 30, 5),
(219, 30, 6),
(220, 30, 7),
(221, 31, 1),
(222, 31, 3),
(223, 31, 5),
(224, 31, 6),
(225, 31, 7),
(226, 32, 1),
(227, 32, 3),
(228, 32, 5),
(229, 32, 6),
(230, 32, 7),
(231, 33, 1),
(232, 33, 3),
(233, 33, 5),
(234, 33, 6),
(235, 33, 7),
(236, 34, 1),
(237, 34, 3),
(238, 34, 5),
(239, 34, 6),
(240, 34, 7),
(241, 35, 1),
(242, 35, 3),
(243, 35, 5),
(244, 35, 6),
(245, 35, 7),
(246, 36, 1),
(247, 36, 3),
(248, 36, 5),
(249, 36, 6),
(250, 36, 7),
(256, 37, 1),
(257, 37, 3),
(258, 37, 5),
(259, 37, 6),
(260, 37, 7),
(261, 38, 1),
(262, 38, 3),
(263, 38, 5),
(264, 38, 6),
(265, 38, 7),
(266, 39, 1),
(267, 39, 3),
(268, 39, 5),
(269, 39, 6),
(270, 39, 7),
(271, 40, 1),
(272, 40, 3),
(273, 40, 5),
(274, 40, 6),
(275, 40, 7),
(476, 41, 1),
(477, 41, 3),
(478, 41, 5),
(479, 41, 6),
(480, 41, 7),
(281, 42, 1),
(282, 42, 3),
(283, 42, 5),
(284, 42, 6),
(285, 42, 7),
(286, 43, 1),
(287, 43, 3),
(288, 43, 5),
(289, 43, 6),
(290, 43, 7),
(516, 44, 1),
(517, 44, 3),
(518, 44, 5),
(519, 44, 6),
(520, 44, 7),
(416, 45, 1),
(417, 45, 3),
(418, 45, 5),
(419, 45, 6),
(420, 45, 7),
(336, 46, 1),
(337, 46, 3),
(338, 46, 5),
(339, 46, 6),
(340, 46, 7),
(546, 47, 1),
(547, 47, 3),
(548, 47, 5),
(549, 47, 6),
(550, 47, 7),
(316, 48, 1),
(317, 48, 3),
(318, 48, 5),
(319, 48, 6),
(320, 48, 7),
(561, 49, 1),
(562, 49, 3),
(563, 49, 5),
(564, 49, 6),
(565, 49, 7),
(556, 50, 1),
(557, 50, 3),
(558, 50, 5),
(559, 50, 6),
(560, 50, 7),
(551, 51, 1),
(552, 51, 3),
(553, 51, 5),
(554, 51, 6),
(555, 51, 7),
(486, 52, 1),
(487, 52, 3),
(488, 52, 5),
(489, 52, 6),
(490, 52, 7),
(361, 53, 1),
(362, 53, 3),
(363, 53, 5),
(364, 53, 6),
(365, 53, 7),
(366, 54, 1),
(367, 54, 3),
(368, 54, 5),
(369, 54, 6),
(370, 54, 7),
(436, 55, 1),
(437, 55, 3),
(438, 55, 5),
(439, 55, 6),
(440, 55, 7),
(531, 56, 1),
(532, 56, 3),
(533, 56, 5),
(534, 56, 6),
(535, 56, 7),
(571, 57, 1),
(572, 57, 3),
(573, 57, 5),
(574, 57, 6),
(575, 57, 7),
(471, 58, 1),
(472, 58, 3),
(473, 58, 5),
(474, 58, 6),
(475, 58, 7),
(396, 59, 1),
(397, 59, 3),
(398, 59, 5),
(399, 59, 6),
(400, 59, 7),
(401, 60, 1),
(402, 60, 3),
(403, 60, 5),
(404, 60, 6),
(405, 60, 7),
(411, 61, 1),
(412, 61, 3),
(413, 61, 5),
(414, 61, 6),
(415, 61, 7),
(421, 62, 1),
(422, 62, 3),
(423, 62, 5),
(424, 62, 6),
(425, 62, 7),
(461, 63, 1),
(462, 63, 3),
(463, 63, 5),
(464, 63, 6),
(465, 63, 7),
(446, 64, 1),
(447, 64, 3),
(448, 64, 5),
(449, 64, 6),
(450, 64, 7),
(451, 65, 1),
(452, 65, 3),
(453, 65, 5),
(454, 65, 6),
(455, 65, 7),
(526, 66, 1),
(527, 66, 3),
(528, 66, 5),
(529, 66, 6),
(530, 66, 7),
(481, 67, 1),
(482, 67, 3),
(483, 67, 5),
(484, 67, 6),
(485, 67, 7),
(496, 68, 1),
(497, 68, 3),
(498, 68, 5),
(499, 68, 6),
(500, 68, 7),
(521, 69, 1),
(522, 69, 3),
(523, 69, 5),
(524, 69, 6),
(525, 69, 7),
(541, 70, 1),
(542, 70, 3),
(543, 70, 5),
(544, 70, 6),
(545, 70, 7),
(566, 71, 1),
(567, 71, 3),
(568, 71, 5),
(569, 71, 6),
(570, 71, 7);




